{
    "t1": 0.04999999999999982,
    "t1_uncertainty": 0.03333333333333333,
    "t2": 0.1311966178548019,
    "t2_uncertainty": 0.03333333333333333,
    "t3": 0.05596902705248721,
    "t3_uncertainty": 0.03333333333333333
}