{
    "X": 30.0,
    "Y": 40.0,
    "D1": 31.622776601683793,
    "D2": 44.721359549995796,
    "D3": 41.599999999999994,
    "dD1": 0.1,
    "dD2": 0.1,
    "dD3": 0.1,
    "t1": 0.383771560700046,
    "t2": 0.5427349459950945,
    "t3": 0.5048543689320387,
    "dt1": 0.0017162785951129792,
    "dt2": 0.0017162785951129792,
    "dt3": 0.0017162785951129792
}